﻿Designator,Footprint,Quantity,Value,LCSC Part #
"D1, D10, D11, D12, D13, D14, D15, D16, D17, D18, D19, D2, D20, D21, D22, D23, D24, D25, D26, D27, D28, D29, D3, D30, D4, D5, D6, D7, D8, D9",D_SOD-323,30,D_Small,
J1,USB_C_Receptacle_HRO_TYPE-C-31-M-12,1,USB_C_Receptacle_USB2.0_14P,
J2,vik-keyboard-connector-horizontal,1,~,
"MX1_2, MX1, MX10_2, MX10, MX11_2, MX11, MX12_2, MX12, MX13_2, MX13, MX14_2, MX14, MX15_2, MX15, MX16_2, MX16, MX17_2, MX17, MX18_2, MX18, MX19_2, MX19, MX2_2, MX2, MX20_2, MX20, MX21_2, MX21, MX22_2, MX22, MX23_2, MX23, MX24_2, MX24, MX25_2, MX25, MX26_2, MX26, MX27_2, MX27, MX28_2, MX28, MX29_2, MX29, MX3_2, MX3, MX30_2, MX30, MX4_2, MX4, MX5_2, MX5, MX6_2, MX6, MX7_2, MX7, MX8_2, MX8, MX9_2, MX9",SW_MX_HS_CPG151101S11_1u,60,MX_SW_HS,
RZ1,RP2040-Zero,1,RP2040-Zero,
